{"cameraMode":{"drawMode":0,"name":"Shaded","section":"Shading Mode"},"sceneLighting":false,"audioPlay":false,"sceneViewState":{"showFog":true,"showMaterialUpdate":true,"showSkybox":false,"showFlares":true,"showImageEffects":true,"showParticleSystems":true},"in2DMode":false,"pivot":{"x":2.384185791015625e-7,"y":3.2981374263763429,"z":0.0},"rotation":{"x":-0.001755745499394834,"y":-0.9562059044837952,"z":0.00573741877451539,"w":-0.2926390767097473},"size":12.88968563079834,"orthographic":false}