{"cameraMode":{"drawMode":0,"name":"Shaded","section":"Shading Mode"},"sceneLighting":false,"audioPlay":false,"sceneViewState":{"showFog":true,"showMaterialUpdate":true,"showSkybox":false,"showFlares":true,"showImageEffects":true,"showParticleSystems":true},"in2DMode":false,"pivot":{"x":1.163661003112793,"y":0.7522728443145752,"z":-0.9956040382385254},"rotation":{"x":0.04572552070021629,"y":-0.9528498649597168,"z":0.18374617397785188,"w":0.2371194213628769},"size":9.66138744354248,"orthographic":false}