{"cameraMode":{"drawMode":0,"name":"Shaded","section":"Shading Mode"},"sceneLighting":false,"audioPlay":false,"sceneViewState":{"showFog":true,"showMaterialUpdate":true,"showSkybox":false,"showFlares":true,"showImageEffects":true,"showParticleSystems":true},"in2DMode":false,"pivot":{"x":24.710412979125978,"y":0.0430912971496582,"z":19.787466049194337},"rotation":{"x":-0.055255964398384097,"y":0.715990424156189,"z":-0.05704154074192047,"w":-0.6935791373252869},"size":3.0261363983154299,"orthographic":false}