{"cameraMode":{"drawMode":0,"name":"Shaded","section":"Shading Mode"},"sceneLighting":false,"audioPlay":false,"sceneViewState":{"showFog":true,"showMaterialUpdate":true,"showSkybox":false,"showFlares":true,"showImageEffects":true,"showParticleSystems":true},"in2DMode":false,"pivot":{"x":0.0,"y":6.370682239532471,"z":-0.3119170665740967},"rotation":{"x":0.02652193047106266,"y":0.9655526876449585,"z":-0.23475252091884614,"w":0.10908442735671997},"size":21.632932662963868,"orthographic":false}