{"cameraMode":{"drawMode":0,"name":"Shaded","section":"Shading Mode"},"sceneLighting":false,"audioPlay":false,"sceneViewState":{"showFog":true,"showMaterialUpdate":false,"showSkybox":false,"showFlares":true,"showImageEffects":true,"showParticleSystems":true},"in2DMode":false,"pivot":{"x":-0.18298222124576569,"y":1.0336220264434815,"z":-0.12967360019683839},"rotation":{"x":-0.010569851845502854,"y":0.9706498980522156,"z":-0.2363099604845047,"w":-0.04341600835323334},"size":1.9821617603302003,"orthographic":false}