{"cameraMode":{"drawMode":0,"name":"Shaded","section":"Shading Mode"},"sceneLighting":false,"audioPlay":false,"sceneViewState":{"showFog":true,"showMaterialUpdate":true,"showSkybox":false,"showFlares":true,"showImageEffects":true,"showParticleSystems":true},"in2DMode":false,"pivot":{"x":-0.45377281308174136,"y":2.531095027923584,"z":0.21569156646728517},"rotation":{"x":0.02652193047106266,"y":0.9655526876449585,"z":-0.23475252091884614,"w":0.10908442735671997},"size":10.507420539855957,"orthographic":false}