{"cameraMode":{"drawMode":0,"name":"Shaded","section":"Shading Mode"},"sceneLighting":false,"audioPlay":false,"sceneViewState":{"showFog":true,"showMaterialUpdate":false,"showSkybox":false,"showFlares":true,"showImageEffects":true,"showParticleSystems":true},"in2DMode":false,"pivot":{"x":16.137907028198243,"y":-0.11192178726196289,"z":9.910717964172364},"rotation":{"x":0.14246758818626405,"y":-0.5452938079833984,"z":0.0946689173579216,"w":0.820609986782074},"size":6.743992328643799,"orthographic":false}