{"cameraMode":{"drawMode":0,"name":"Shaded","section":"Shading Mode"},"sceneLighting":false,"audioPlay":false,"sceneViewState":{"showFog":true,"showMaterialUpdate":false,"showSkybox":false,"showFlares":true,"showImageEffects":true,"showParticleSystems":true},"in2DMode":false,"pivot":{"x":27.751792907714845,"y":-0.3362728953361511,"z":30.22683334350586},"rotation":{"x":0.133065864443779,"y":0.023784110322594644,"z":-0.0031941647175699474,"w":0.9908169507980347},"size":11.038034439086914,"orthographic":false}